"author_id","age","interv_id1","interv_id2","yi","vi"
1,"50+ years",1,2,-0.182585754,0.00057064
2,"65+ years",1,2,-0.425134204,5.208167478
3,"65+ years",1,2,-0.970210921,0.388033444
4,"65+ years",1,2,-0.4771,0.0252
