"author_id","age","interv_id1","interv_id2","yi","vi"
1,"60+ years",1,2,-0.348893444,0.360687334
2,"50+ years",1,2,-0.182585754,0.00057064
3,"60-79 years",1,2,-1.304262358,0.491350658
4,"65+ years",1,2,-0.425134204,5.208167478
5,"65+ years",1,2,-0.970210921,0.388033444
6,"65+ years",1,2,-0.477096823,0.025216476
