"author_id","age","interv_id1","interv_id2","yi","vi"
1,"60+ years",1,2,1.605103395,0.353746501
2,"55+ years",1,2,-0.375943607,0.001792756
3,"50+ years",1,2,-0.7486274,0.552353362
4,"65+ years",1,2,-0.408129706,0.028179784
5,"65+ years",1,2,-0.300491281,0.651863312
